Id,SalePrice
1.461000000000000000e+03,1.221164900427450339e+05
1.462000000000000000e+03,1.493271223097812617e+05
1.463000000000000000e+03,1.805869679724869202e+05
1.464000000000000000e+03,2.031319391751520743e+05
1.465000000000000000e+03,1.980718813566181052e+05
1.466000000000000000e+03,1.759146697896156111e+05
1.467000000000000000e+03,1.881245871967917192e+05
1.468000000000000000e+03,1.741026187266944034e+05
1.469000000000000000e+03,1.848891111597172276e+05
1.470000000000000000e+03,1.176362623265187722e+05
1.471000000000000000e+03,1.931232933036459435e+05
1.472000000000000000e+03,9.865521537626592908e+04
1.473000000000000000e+03,9.635875788105676475e+04
1.474000000000000000e+03,1.572286594403310737e+05
1.475000000000000000e+03,1.287089358627085167e+05
1.476000000000000000e+03,3.526046704889024841e+05
1.477000000000000000e+03,2.501602003950335784e+05
1.478000000000000000e+03,3.175665194711935474e+05
1.479000000000000000e+03,3.127199084856224945e+05
1.480000000000000000e+03,4.627200295846872614e+05
1.481000000000000000e+03,3.166142518016632530e+05
1.482000000000000000e+03,2.281162411364660948e+05
1.483000000000000000e+03,1.731506216843438160e+05
1.484000000000000000e+03,1.688999861606404593e+05
1.485000000000000000e+03,1.957814172448351746e+05
1.486000000000000000e+03,1.987681070334521064e+05
1.487000000000000000e+03,3.191182969725746079e+05
1.488000000000000000e+03,2.472377039963303832e+05
1.489000000000000000e+03,1.825502487635591824e+05
1.490000000000000000e+03,2.327395551555619168e+05
1.491000000000000000e+03,1.913324853399115673e+05
1.492000000000000000e+03,1.048041111594497634e+05
1.493000000000000000e+03,1.851922867904801096e+05
1.494000000000000000e+03,3.235596826506370562e+05
1.495000000000000000e+03,3.083476398561686510e+05
1.496000000000000000e+03,2.323236436041369452e+05
1.497000000000000000e+03,1.752612480631444778e+05
1.498000000000000000e+03,1.670603836239015509e+05
1.499000000000000000e+03,1.687719320887463691e+05
1.500000000000000000e+03,1.602021308655227767e+05
1.501000000000000000e+03,1.668602987394343945e+05
1.502000000000000000e+03,1.636924309829047415e+05
1.503000000000000000e+03,2.711323817933131941e+05
1.504000000000000000e+03,2.423433687465376570e+05
1.505000000000000000e+03,2.284377803446186590e+05
1.506000000000000000e+03,1.890082537349867343e+05
1.507000000000000000e+03,2.442059085498892819e+05
1.508000000000000000e+03,1.978717710844276880e+05
1.509000000000000000e+03,1.582216411017085484e+05
1.510000000000000000e+03,1.364882958073800255e+05
1.511000000000000000e+03,1.472948524976962944e+05
1.512000000000000000e+03,1.671514347021551512e+05
1.513000000000000000e+03,1.514261206787188130e+05
1.514000000000000000e+03,1.446033355245910061e+05
1.515000000000000000e+03,2.051469164751889766e+05
1.516000000000000000e+03,1.594426925265573373e+05
1.517000000000000000e+03,1.695354725364696933e+05
1.518000000000000000e+03,1.365463177627612022e+05
1.519000000000000000e+03,2.112559772535043303e+05
1.520000000000000000e+03,1.253208107320388372e+05
1.521000000000000000e+03,1.235052792908263800e+05
1.522000000000000000e+03,1.739339230751903669e+05
1.523000000000000000e+03,1.077445455463081598e+05
1.524000000000000000e+03,1.199839961410585529e+05
1.525000000000000000e+03,1.186679023455346323e+05
1.526000000000000000e+03,1.034661263654031209e+05
1.527000000000000000e+03,1.150421394654333417e+05
1.528000000000000000e+03,1.424148580458365323e+05
1.529000000000000000e+03,1.451871376444099005e+05
1.530000000000000000e+03,1.794422298536819580e+05
1.531000000000000000e+03,1.203762229976175004e+05
1.532000000000000000e+03,1.070422040609923715e+05
1.533000000000000000e+03,1.490419796551813197e+05
1.534000000000000000e+03,1.275260623682198056e+05
1.535000000000000000e+03,1.502979333530743024e+05
1.536000000000000000e+03,1.044784236062405253e+05
1.537000000000000000e+03,7.578952315613163228e+04
1.538000000000000000e+03,1.589432134780417546e+05
1.539000000000000000e+03,1.906733616126410780e+05
1.540000000000000000e+03,9.221617197298168321e+04
1.541000000000000000e+03,1.324964576566452160e+05
1.542000000000000000e+03,1.318132646166825143e+05
1.543000000000000000e+03,1.738898228656894644e+05
1.544000000000000000e+03,9.704737901581883489e+04
1.545000000000000000e+03,1.158860299099097028e+05
1.546000000000000000e+03,1.379654590724782320e+05
1.547000000000000000e+03,1.288559754406654538e+05
1.548000000000000000e+03,1.264120309901710716e+05
1.549000000000000000e+03,1.167006392841419147e+05
1.550000000000000000e+03,1.293234148230953288e+05
1.551000000000000000e+03,1.126010718542586255e+05
1.552000000000000000e+03,1.311268751211570052e+05
1.553000000000000000e+03,1.319342489049115393e+05
1.554000000000000000e+03,1.260410280336224241e+05
1.555000000000000000e+03,1.683316248747034115e+05
1.556000000000000000e+03,9.515600349221986835e+04
1.557000000000000000e+03,9.358527590067415440e+04
1.558000000000000000e+03,1.087531910126746661e+05
1.559000000000000000e+03,8.359618955319045926e+04
1.560000000000000000e+03,1.428824919037416694e+05
1.561000000000000000e+03,1.015445625734213827e+05
1.562000000000000000e+03,1.257196034107922023e+05
1.563000000000000000e+03,1.087557485156785842e+05
1.564000000000000000e+03,1.472751353036315413e+05
1.565000000000000000e+03,1.414706308491374366e+05
1.566000000000000000e+03,2.140745267205111450e+05
1.567000000000000000e+03,8.196231835162054631e+04
1.568000000000000000e+03,2.128881961050854006e+05
1.569000000000000000e+03,1.153318141035310546e+05
1.570000000000000000e+03,1.486359786136977782e+05
1.571000000000000000e+03,1.242116289287742111e+05
1.572000000000000000e+03,1.281330070422687859e+05
1.573000000000000000e+03,2.077077062463880575e+05
1.574000000000000000e+03,1.117315940002334537e+05
1.575000000000000000e+03,2.038676211522732920e+05
1.576000000000000000e+03,2.622783502983713988e+05
1.577000000000000000e+03,1.850989292721601960e+05
1.578000000000000000e+03,1.452150240088980354e+05
1.579000000000000000e+03,1.383631202698219568e+05
1.580000000000000000e+03,2.002533960674192058e+05
1.581000000000000000e+03,1.671048527773194364e+05
1.582000000000000000e+03,1.248729582913692866e+05
1.583000000000000000e+03,3.009842873576686252e+05
1.584000000000000000e+03,2.207156185162469628e+05
1.585000000000000000e+03,1.449037348073638859e+05
1.586000000000000000e+03,7.953232313290389720e+04
1.587000000000000000e+03,1.072858303171754378e+05
1.588000000000000000e+03,1.299133048996350553e+05
1.589000000000000000e+03,9.956336459655282670e+04
1.590000000000000000e+03,1.207727990699760412e+05
1.591000000000000000e+03,9.013497757850293419e+04
1.592000000000000000e+03,1.220760910121104098e+05
1.593000000000000000e+03,1.294392627169783809e+05
1.594000000000000000e+03,1.289273360244748474e+05
1.595000000000000000e+03,1.060408556562785234e+05
1.596000000000000000e+03,1.994380589504281525e+05
1.597000000000000000e+03,1.724217831096462323e+05
1.598000000000000000e+03,1.990158456778212858e+05
1.599000000000000000e+03,1.801153328681393177e+05
1.600000000000000000e+03,1.752430244869410235e+05
1.601000000000000000e+03,7.554666409037535777e+04
1.602000000000000000e+03,1.020410967282472702e+05
1.603000000000000000e+03,9.928198913817857101e+04
1.604000000000000000e+03,2.344583085710481100e+05
1.605000000000000000e+03,2.516829920082773315e+05
1.606000000000000000e+03,1.703962949767467508e+05
1.607000000000000000e+03,1.698944387816353119e+05
1.608000000000000000e+03,2.270844569710774522e+05
1.609000000000000000e+03,1.891512549702418619e+05
1.610000000000000000e+03,1.612420393124099937e+05
1.611000000000000000e+03,1.411568564123563410e+05
1.612000000000000000e+03,1.734680556859875796e+05
1.613000000000000000e+03,1.719369704917508934e+05
1.614000000000000000e+03,1.237351251083833922e+05
1.615000000000000000e+03,9.925341986333491514e+04
1.616000000000000000e+03,8.194488560865176260e+04
1.617000000000000000e+03,9.783594492615399940e+04
1.618000000000000000e+03,1.302712703631382174e+05
1.619000000000000000e+03,1.496303137426342873e+05
1.620000000000000000e+03,1.611110034721662814e+05
1.621000000000000000e+03,1.408996569508076936e+05
1.622000000000000000e+03,1.345122325915733236e+05
1.623000000000000000e+03,2.591567426198486937e+05
1.624000000000000000e+03,2.088811933097506117e+05
1.625000000000000000e+03,1.163839783666513395e+05
1.626000000000000000e+03,1.697587325699287176e+05
1.627000000000000000e+03,1.892446972125524771e+05
1.628000000000000000e+03,2.781996166046051076e+05
1.629000000000000000e+03,1.910099124020550225e+05
1.630000000000000000e+03,3.531826829561443883e+05
1.631000000000000000e+03,2.108420991560933471e+05
1.632000000000000000e+03,2.364439326238210197e+05
1.633000000000000000e+03,1.817758056965329743e+05
1.634000000000000000e+03,1.894473678997497773e+05
1.635000000000000000e+03,1.878808126076281478e+05
1.636000000000000000e+03,1.711897860075280187e+05
1.637000000000000000e+03,1.832531868196837313e+05
1.638000000000000000e+03,2.093911059190565429e+05
1.639000000000000000e+03,1.867703888734113716e+05
1.640000000000000000e+03,2.566888075374287728e+05
1.641000000000000000e+03,1.897722660292923392e+05
1.642000000000000000e+03,2.450910583458990732e+05
1.643000000000000000e+03,2.316019470663393149e+05
1.644000000000000000e+03,2.465103816876088677e+05
1.645000000000000000e+03,1.999847749348587822e+05
1.646000000000000000e+03,1.693892805240069865e+05
1.647000000000000000e+03,1.577424083096263930e+05
1.648000000000000000e+03,1.303913492769776058e+05
1.649000000000000000e+03,1.448611744571051677e+05
1.650000000000000000e+03,1.182973828038207575e+05
1.651000000000000000e+03,1.267018880507612485e+05
1.652000000000000000e+03,9.953770096427353565e+04
1.653000000000000000e+03,1.062224849092418153e+05
1.654000000000000000e+03,1.513002874570023851e+05
1.655000000000000000e+03,1.540886390230385005e+05
1.656000000000000000e+03,1.502262983462402481e+05
1.657000000000000000e+03,1.508365132192155579e+05
1.658000000000000000e+03,1.514091537803391402e+05
1.659000000000000000e+03,1.264982255134568841e+05
1.660000000000000000e+03,1.651225075827191758e+05
1.661000000000000000e+03,4.497696896273421589e+05
1.662000000000000000e+03,3.893189418996146997e+05
1.663000000000000000e+03,3.659246993212644011e+05
1.664000000000000000e+03,4.984964624812775292e+05
1.665000000000000000e+03,3.094252068694143090e+05
1.666000000000000000e+03,3.341562389224832878e+05
1.667000000000000000e+03,3.822818070508048404e+05
1.668000000000000000e+03,3.468992803052495583e+05
1.669000000000000000e+03,3.207529704138697707e+05
1.670000000000000000e+03,3.495016255403907271e+05
1.671000000000000000e+03,2.691322002694437979e+05
1.672000000000000000e+03,4.382956335085929022e+05
1.673000000000000000e+03,3.105884355844600359e+05
1.674000000000000000e+03,2.609392652291689301e+05
1.675000000000000000e+03,2.066171470073919045e+05
1.676000000000000000e+03,2.091184453872365411e+05
1.677000000000000000e+03,2.248920043913479312e+05
1.678000000000000000e+03,4.731028055406089989e+05
1.679000000000000000e+03,3.729572997879146133e+05
1.680000000000000000e+03,3.024217412625299767e+05
1.681000000000000000e+03,2.525680711044695054e+05
1.682000000000000000e+03,3.145084851661915309e+05
1.683000000000000000e+03,2.049617318215482519e+05
1.684000000000000000e+03,1.976227165477799426e+05
1.685000000000000000e+03,1.846566920050844201e+05
1.686000000000000000e+03,1.798213313056071929e+05
1.687000000000000000e+03,1.824054189863990177e+05
1.688000000000000000e+03,1.957113540830546117e+05
1.689000000000000000e+03,1.996207460272030439e+05
1.690000000000000000e+03,2.117156186597953201e+05
1.691000000000000000e+03,1.977150869194087572e+05
1.692000000000000000e+03,2.662427351379330503e+05
1.693000000000000000e+03,1.830883943983068748e+05
1.694000000000000000e+03,1.921320506108055124e+05
1.695000000000000000e+03,1.776405724052962905e+05
1.696000000000000000e+03,2.542657958538153325e+05
1.697000000000000000e+03,1.814794331704937504e+05
1.698000000000000000e+03,3.547412103191123460e+05
1.699000000000000000e+03,3.445830962028947542e+05
1.700000000000000000e+03,2.600045927397532796e+05
1.701000000000000000e+03,2.858126558277977165e+05
1.702000000000000000e+03,2.419882921856668254e+05
1.703000000000000000e+03,2.594052811014692707e+05
1.704000000000000000e+03,2.858850939008084824e+05
1.705000000000000000e+03,2.468683132265720633e+05
1.706000000000000000e+03,4.217972733360710554e+05
1.707000000000000000e+03,2.033097702876733965e+05
1.708000000000000000e+03,1.999275157470456033e+05
1.709000000000000000e+03,2.615434188930745295e+05
1.710000000000000000e+03,2.305481655764011375e+05
1.711000000000000000e+03,2.801666839999813819e+05
1.712000000000000000e+03,2.515969672293569311e+05
1.713000000000000000e+03,2.798361387707196409e+05
1.714000000000000000e+03,2.240588971808461356e+05
1.715000000000000000e+03,2.065391846177236293e+05
1.716000000000000000e+03,1.800650056853262067e+05
1.717000000000000000e+03,1.738553896427403088e+05
1.718000000000000000e+03,1.379490937884315790e+05
1.719000000000000000e+03,1.894792417845644522e+05
1.720000000000000000e+03,2.351086841202955111e+05
1.721000000000000000e+03,1.681420412641556177e+05
1.722000000000000000e+03,1.330371807918114937e+05
1.723000000000000000e+03,1.651171750501649512e+05
1.724000000000000000e+03,2.006567639019170601e+05
1.725000000000000000e+03,2.338830691505568102e+05
1.726000000000000000e+03,1.932135419375231722e+05
1.727000000000000000e+03,1.528800718301188026e+05
1.728000000000000000e+03,1.864338336629388214e+05
1.729000000000000000e+03,1.682304197478492861e+05
1.730000000000000000e+03,1.642214889678759209e+05
1.731000000000000000e+03,1.175935937500676664e+05
1.732000000000000000e+03,1.220075935124520620e+05
1.733000000000000000e+03,1.062496097711044131e+05
1.734000000000000000e+03,1.129663060329829896e+05
1.735000000000000000e+03,1.350639070722298638e+05
1.736000000000000000e+03,1.161617614887693344e+05
1.737000000000000000e+03,3.381886341010601027e+05
1.738000000000000000e+03,2.866568992584929802e+05
1.739000000000000000e+03,2.713759954601721256e+05
1.740000000000000000e+03,2.003181834081970737e+05
1.741000000000000000e+03,1.904291610983882565e+05
1.742000000000000000e+03,1.669318005025816965e+05
1.743000000000000000e+03,1.813107149569355533e+05
1.744000000000000000e+03,3.161313786505401367e+05
1.745000000000000000e+03,1.919887537074479915e+05
1.746000000000000000e+03,2.228665818120409967e+05
1.747000000000000000e+03,2.211641761416002992e+05
1.748000000000000000e+03,2.286161083175343229e+05
1.749000000000000000e+03,1.542540972561880189e+05
1.750000000000000000e+03,1.325224710273119272e+05
1.751000000000000000e+03,2.626843581548509537e+05
1.752000000000000000e+03,1.243662300175523415e+05
1.753000000000000000e+03,1.417044237998068274e+05
1.754000000000000000e+03,1.958867721364068566e+05
1.755000000000000000e+03,1.645635905210940982e+05
1.756000000000000000e+03,1.289525221345510072e+05
1.757000000000000000e+03,1.246224162354164728e+05
1.758000000000000000e+03,1.476792942041271599e+05
1.759000000000000000e+03,1.706501028859060316e+05
1.760000000000000000e+03,1.623924537366830045e+05
1.761000000000000000e+03,1.476423171835305984e+05
1.762000000000000000e+03,1.735912537712430931e+05
1.763000000000000000e+03,1.664676375047319161e+05
1.764000000000000000e+03,1.159758900351499324e+05
1.765000000000000000e+03,1.576059225614402967e+05
1.766000000000000000e+03,1.819265784434282104e+05
1.767000000000000000e+03,2.195405727224310394e+05
1.768000000000000000e+03,1.363094620109875686e+05
1.769000000000000000e+03,1.768323587902570143e+05
1.770000000000000000e+03,1.566137162606043858e+05
1.771000000000000000e+03,1.235620543084087840e+05
1.772000000000000000e+03,1.336953742853735748e+05
1.773000000000000000e+03,1.300009288111873611e+05
1.774000000000000000e+03,1.418250628708415898e+05
1.775000000000000000e+03,1.406244498125631071e+05
1.776000000000000000e+03,1.218102019859035208e+05
1.777000000000000000e+03,1.066545034199026413e+05
1.778000000000000000e+03,1.503373971487031085e+05
1.779000000000000000e+03,1.130133591450481472e+05
1.780000000000000000e+03,1.854744832320481655e+05
1.781000000000000000e+03,1.275279482744022680e+05
1.782000000000000000e+03,8.805573902185373299e+04
1.783000000000000000e+03,1.387315633752689755e+05
1.784000000000000000e+03,9.952011649689772457e+04
1.785000000000000000e+03,1.161153112440878176e+05
1.786000000000000000e+03,1.342693512742430030e+05
1.787000000000000000e+03,1.652131008887886710e+05
1.788000000000000000e+03,6.960093666447116993e+04
1.789000000000000000e+03,1.095461412376134249e+05
1.790000000000000000e+03,7.768239728112479497e+04
1.791000000000000000e+03,1.992048362938291102e+05
1.792000000000000000e+03,1.473821019403195533e+05
1.793000000000000000e+03,1.393928464590480435e+05
1.794000000000000000e+03,1.722454989625732414e+05
1.795000000000000000e+03,1.294945079992294195e+05
1.796000000000000000e+03,1.370697498129494779e+05
1.797000000000000000e+03,1.271060939219459106e+05
1.798000000000000000e+03,1.225604506328936404e+05
1.799000000000000000e+03,1.161561255300786434e+05
1.800000000000000000e+03,1.252865961982121662e+05
1.801000000000000000e+03,1.271099903499504871e+05
1.802000000000000000e+03,1.448966836428188253e+05
1.803000000000000000e+03,1.491215401527163340e+05
1.804000000000000000e+03,1.480806418359272357e+05
1.805000000000000000e+03,1.403029070468418649e+05
1.806000000000000000e+03,1.367418005163063353e+05
1.807000000000000000e+03,1.418951028322701168e+05
1.808000000000000000e+03,1.286367460096461728e+05
1.809000000000000000e+03,1.160951887365755683e+05
1.810000000000000000e+03,1.327958768734902842e+05
1.811000000000000000e+03,8.965281256287025462e+04
1.812000000000000000e+03,9.046184888399687770e+04
1.813000000000000000e+03,1.196850449188964121e+05
1.814000000000000000e+03,9.472907231199905800e+04
1.815000000000000000e+03,6.269860484901505697e+04
1.816000000000000000e+03,1.041355951719221048e+05
1.817000000000000000e+03,9.870483126193993667e+04
1.818000000000000000e+03,1.382952227695079637e+05
1.819000000000000000e+03,1.346946818538577063e+05
1.820000000000000000e+03,7.694479794953737292e+04
1.821000000000000000e+03,1.170211529780517158e+05
1.822000000000000000e+03,1.522599743530310807e+05
1.823000000000000000e+03,6.325571121929476067e+04
1.824000000000000000e+03,1.288784889519517455e+05
1.825000000000000000e+03,1.368406193031430012e+05
1.826000000000000000e+03,1.042000718900364882e+05
1.827000000000000000e+03,1.049608341916291683e+05
1.828000000000000000e+03,1.259759235352176329e+05
1.829000000000000000e+03,1.264456248409800028e+05
1.830000000000000000e+03,1.406808511793600919e+05
1.831000000000000000e+03,1.544252648845090298e+05
1.832000000000000000e+03,9.067361942244142119e+04
1.833000000000000000e+03,1.303833488395371387e+05
1.834000000000000000e+03,1.310442244828858675e+05
1.835000000000000000e+03,1.128202315442706749e+05
1.836000000000000000e+03,1.165081767065728636e+05
1.837000000000000000e+03,9.204213450165079848e+04
1.838000000000000000e+03,1.208019527398057980e+05
1.839000000000000000e+03,1.054773800305888872e+05
1.840000000000000000e+03,1.206121457873065810e+05
1.841000000000000000e+03,1.233877365902146412e+05
1.842000000000000000e+03,9.330217935038451105e+04
1.843000000000000000e+03,1.238784464754856454e+05
1.844000000000000000e+03,1.307921457849652797e+05
1.845000000000000000e+03,1.278598668471492419e+05
1.846000000000000000e+03,1.343812939284874301e+05
1.847000000000000000e+03,1.619208307231239742e+05
1.848000000000000000e+03,5.375171469285972125e+04
1.849000000000000000e+03,1.037306632255168515e+05
1.850000000000000000e+03,1.058531866474134731e+05
1.851000000000000000e+03,1.489996371846550319e+05
1.852000000000000000e+03,1.198987814833119919e+05
1.853000000000000000e+03,1.224269826261736889e+05
1.854000000000000000e+03,1.712704448797148943e+05
1.855000000000000000e+03,1.636875346335033828e+05
1.856000000000000000e+03,2.187135734051213076e+05
1.857000000000000000e+03,1.528811744150906743e+05
1.858000000000000000e+03,1.358226488280174672e+05
1.859000000000000000e+03,1.258359100564172986e+05
1.860000000000000000e+03,1.500583879936572921e+05
1.861000000000000000e+03,1.252425130099883972e+05
1.862000000000000000e+03,3.164463672080787946e+05
1.863000000000000000e+03,3.137404259079191252e+05
1.864000000000000000e+03,3.137658841778467759e+05
1.865000000000000000e+03,3.032245583206149749e+05
1.866000000000000000e+03,3.083243565283975331e+05
1.867000000000000000e+03,2.282853581912842637e+05
1.868000000000000000e+03,2.758084557199794217e+05
1.869000000000000000e+03,2.106461495312926418e+05
1.870000000000000000e+03,2.161751531012924970e+05
1.871000000000000000e+03,2.495141572470804676e+05
1.872000000000000000e+03,1.820764030481094087e+05
1.873000000000000000e+03,2.122222268071083818e+05
1.874000000000000000e+03,1.463434054440335312e+05
1.875000000000000000e+03,1.974376578969788097e+05
1.876000000000000000e+03,1.972143862162602600e+05
1.877000000000000000e+03,2.074967451909056981e+05
1.878000000000000000e+03,2.043749835109006672e+05
1.879000000000000000e+03,1.267307852676592738e+05
1.880000000000000000e+03,1.390006874102076690e+05
1.881000000000000000e+03,2.318527239452610665e+05
1.882000000000000000e+03,2.330027502416485804e+05
1.883000000000000000e+03,1.858062256863815419e+05
1.884000000000000000e+03,1.924216288095905620e+05
1.885000000000000000e+03,2.308846403053339163e+05
1.886000000000000000e+03,2.699723958878440317e+05
1.887000000000000000e+03,2.145597634369454754e+05
1.888000000000000000e+03,2.668494607954411767e+05
1.889000000000000000e+03,1.734230648943191627e+05
1.890000000000000000e+03,1.150182857720777247e+05
1.891000000000000000e+03,1.271100484951770195e+05
1.892000000000000000e+03,9.612234945749673352e+04
1.893000000000000000e+03,1.160477093335015379e+05
1.894000000000000000e+03,1.127319272101722308e+05
1.895000000000000000e+03,1.354491040692881506e+05
1.896000000000000000e+03,1.273015050915679312e+05
1.897000000000000000e+03,1.257680427093381877e+05
1.898000000000000000e+03,1.311786804428485339e+05
1.899000000000000000e+03,1.686377255111170525e+05
1.900000000000000000e+03,1.527878494275386620e+05
1.901000000000000000e+03,1.541105024158100132e+05
1.902000000000000000e+03,1.231537849181211641e+05
1.903000000000000000e+03,2.189418418378832866e+05
1.904000000000000000e+03,1.435567258672183671e+05
1.905000000000000000e+03,1.818054191350650508e+05
1.906000000000000000e+03,1.534446112559036119e+05
1.907000000000000000e+03,1.946092252616013866e+05
1.908000000000000000e+03,1.266552491283109703e+05
1.909000000000000000e+03,1.506627856076173484e+05
1.910000000000000000e+03,1.422550080253799970e+05
1.911000000000000000e+03,1.845003658162502106e+05
1.912000000000000000e+03,3.293474836796169984e+05
1.913000000000000000e+03,1.439196175689960655e+05
1.914000000000000000e+03,8.404515822749539802e+04
1.915000000000000000e+03,2.425784253273167706e+05
1.916000000000000000e+03,6.371641349143742991e+04
1.917000000000000000e+03,2.456014698835104064e+05
1.918000000000000000e+03,1.379412139011864492e+05
1.919000000000000000e+03,1.804474096872914233e+05
1.920000000000000000e+03,1.526068278694739274e+05
1.921000000000000000e+03,3.598998133846921264e+05
1.922000000000000000e+03,2.990429263219250715e+05
1.923000000000000000e+03,2.571743193750447826e+05
1.924000000000000000e+03,2.275294504368313937e+05
1.925000000000000000e+03,2.198669509972540254e+05
1.926000000000000000e+03,3.513267787206681678e+05
1.927000000000000000e+03,1.383290045418528025e+05
1.928000000000000000e+03,1.583877388947586005e+05
1.929000000000000000e+03,1.324218261677046830e+05
1.930000000000000000e+03,1.370504364305819327e+05
1.931000000000000000e+03,1.449443063643925998e+05
1.932000000000000000e+03,1.366113897069726954e+05
1.933000000000000000e+03,1.771679527189859946e+05
1.934000000000000000e+03,1.818237353814376402e+05
1.935000000000000000e+03,1.717941282629388734e+05
1.936000000000000000e+03,1.866711292422787519e+05
1.937000000000000000e+03,1.810053801745417586e+05
1.938000000000000000e+03,1.725959085960571247e+05
1.939000000000000000e+03,2.521800348568749905e+05
1.940000000000000000e+03,1.952753334428884264e+05
1.941000000000000000e+03,1.788240724235568778e+05
1.942000000000000000e+03,1.796702616577082663e+05
1.943000000000000000e+03,2.119604084102884808e+05
1.944000000000000000e+03,3.396203618794366485e+05
1.945000000000000000e+03,3.632156904906919808e+05
1.946000000000000000e+03,1.403206390336218174e+05
1.947000000000000000e+03,2.914197406734140823e+05
1.948000000000000000e+03,1.742475749753770651e+05
1.949000000000000000e+03,2.397426785128335760e+05
1.950000000000000000e+03,1.904851172998510883e+05
1.951000000000000000e+03,2.413092010054650891e+05
1.952000000000000000e+03,2.110784513998887851e+05
1.953000000000000000e+03,1.696959790493481560e+05
1.954000000000000000e+03,2.000123529968041985e+05
1.955000000000000000e+03,1.363865131312075828e+05
1.956000000000000000e+03,3.447203192408074392e+05
1.957000000000000000e+03,1.557373039715825580e+05
1.958000000000000000e+03,2.919772752240927075e+05
1.959000000000000000e+03,1.446186186679018429e+05
1.960000000000000000e+03,1.150859640405766550e+05
1.961000000000000000e+03,1.262948829436055821e+05
1.962000000000000000e+03,1.007831467014645750e+05
1.963000000000000000e+03,1.082011804200427432e+05
1.964000000000000000e+03,1.048860949175754795e+05
1.965000000000000000e+03,1.584699277696871432e+05
1.966000000000000000e+03,1.442697606033892953e+05
1.967000000000000000e+03,2.858554091631471529e+05
1.968000000000000000e+03,4.284031484217824182e+05
1.969000000000000000e+03,3.622650687626059516e+05
1.970000000000000000e+03,4.097927824157284922e+05
1.971000000000000000e+03,4.686463004966396256e+05
1.972000000000000000e+03,3.736233908013034379e+05
1.973000000000000000e+03,2.947442574868452502e+05
1.974000000000000000e+03,3.380199434766871855e+05
1.975000000000000000e+03,4.513550988144918228e+05
1.976000000000000000e+03,2.897302869250282529e+05
1.977000000000000000e+03,3.643385450195832527e+05
1.978000000000000000e+03,3.329361177434892743e+05
1.979000000000000000e+03,3.090831155533836572e+05
1.980000000000000000e+03,2.093041064599789097e+05
1.981000000000000000e+03,3.197567144323131652e+05
1.982000000000000000e+03,2.390985998722424265e+05
1.983000000000000000e+03,2.262989320100770856e+05
1.984000000000000000e+03,1.890597098686699464e+05
1.985000000000000000e+03,2.143197331939480209e+05
1.986000000000000000e+03,2.232711175874721957e+05
1.987000000000000000e+03,1.875684242143915908e+05
1.988000000000000000e+03,1.869514333778212022e+05
1.989000000000000000e+03,1.968327598375025846e+05
1.990000000000000000e+03,2.129178383427035878e+05
1.991000000000000000e+03,2.375194581681918644e+05
1.992000000000000000e+03,2.163944991325186274e+05
1.993000000000000000e+03,1.872008159529742552e+05
1.994000000000000000e+03,2.369105070986616483e+05
1.995000000000000000e+03,1.870065480564556783e+05
1.996000000000000000e+03,2.657832466651652940e+05
1.997000000000000000e+03,3.160593153452358092e+05
1.998000000000000000e+03,3.112479102763090050e+05
1.999000000000000000e+03,2.993175728702225024e+05
2.000000000000000000e+03,3.363793848220860818e+05
2.001000000000000000e+03,2.957589073860504432e+05
2.002000000000000000e+03,2.632119853332636994e+05
2.003000000000000000e+03,2.549523970974919794e+05
2.004000000000000000e+03,2.769126389487400884e+05
2.005000000000000000e+03,2.479230045981555886e+05
2.006000000000000000e+03,2.126034583911557856e+05
2.007000000000000000e+03,2.538016500787712575e+05
2.008000000000000000e+03,2.056321408350190322e+05
2.009000000000000000e+03,1.932792731474182219e+05
2.010000000000000000e+03,1.918474448474246019e+05
2.011000000000000000e+03,1.455587121446517704e+05
2.012000000000000000e+03,1.757846627689054003e+05
2.013000000000000000e+03,1.790927473982946540e+05
2.014000000000000000e+03,1.883647615031766181e+05
2.015000000000000000e+03,1.975171663673752337e+05
2.016000000000000000e+03,1.883667057781055919e+05
2.017000000000000000e+03,1.933646386620471603e+05
2.018000000000000000e+03,1.202470995221560734e+05
2.019000000000000000e+03,1.366390562965303834e+05
2.020000000000000000e+03,9.567348694591858657e+04
2.021000000000000000e+03,1.067563149146533833e+05
2.022000000000000000e+03,1.795904999217719887e+05
2.023000000000000000e+03,1.393436629883243295e+05
2.024000000000000000e+03,2.801570095569924451e+05
2.025000000000000000e+03,3.433404250333968666e+05
2.026000000000000000e+03,1.795794118997011683e+05
2.027000000000000000e+03,1.619114423416191421e+05
2.028000000000000000e+03,1.654499354038849997e+05
2.029000000000000000e+03,1.670012460974329733e+05
2.030000000000000000e+03,2.474862474088237796e+05
2.031000000000000000e+03,2.292551953979440732e+05
2.032000000000000000e+03,2.437041657910188078e+05
2.033000000000000000e+03,2.464613965708858741e+05
2.034000000000000000e+03,1.772776340473395830e+05
2.035000000000000000e+03,2.175263560911793902e+05
2.036000000000000000e+03,2.026048232555545692e+05
2.037000000000000000e+03,2.057638632110184408e+05
2.038000000000000000e+03,3.018867580655625206e+05
2.039000000000000000e+03,2.056922210174892680e+05
2.040000000000000000e+03,3.060436565236349124e+05
2.041000000000000000e+03,3.257994543564023916e+05
2.042000000000000000e+03,2.091986857067738310e+05
2.043000000000000000e+03,1.684076568460570124e+05
2.044000000000000000e+03,1.688622359498127189e+05
2.045000000000000000e+03,2.253558346170569130e+05
2.046000000000000000e+03,1.473917504292578669e+05
2.047000000000000000e+03,1.490633110842488240e+05
2.048000000000000000e+03,1.422167976663630689e+05
2.049000000000000000e+03,1.422251894011547265e+05
2.050000000000000000e+03,1.762246623444688157e+05
2.051000000000000000e+03,1.031151671821574855e+05
2.052000000000000000e+03,1.223393723723076400e+05
2.053000000000000000e+03,1.452010134216517908e+05
2.054000000000000000e+03,9.779127804044395452e+04
2.055000000000000000e+03,1.559847667576122913e+05
2.056000000000000000e+03,1.674015967614716210e+05
2.057000000000000000e+03,1.199916591450231208e+05
2.058000000000000000e+03,2.169405685497485974e+05
2.059000000000000000e+03,1.275716651994951972e+05
2.060000000000000000e+03,1.619875717384242162e+05
2.061000000000000000e+03,1.740577466911273077e+05
2.062000000000000000e+03,1.225052168342882651e+05
2.063000000000000000e+03,1.202998262893666833e+05
2.064000000000000000e+03,1.335506841685558611e+05
2.065000000000000000e+03,1.236093923732906551e+05
2.066000000000000000e+03,1.732052883454531839e+05
2.067000000000000000e+03,1.277746578935531288e+05
2.068000000000000000e+03,1.397713926690335502e+05
2.069000000000000000e+03,8.514589620610848942e+04
2.070000000000000000e+03,1.148154749785304157e+05
2.071000000000000000e+03,9.690422445337791578e+04
2.072000000000000000e+03,1.450787839927932364e+05
2.073000000000000000e+03,1.415003035503749852e+05
2.074000000000000000e+03,1.917315808367060672e+05
2.075000000000000000e+03,1.364870972313630045e+05
2.076000000000000000e+03,1.293498925944816438e+05
2.077000000000000000e+03,1.457650637924077164e+05
2.078000000000000000e+03,1.204328056197133119e+05
2.079000000000000000e+03,1.396703309295671934e+05
2.080000000000000000e+03,1.217658331667542225e+05
2.081000000000000000e+03,1.235797233923511958e+05
2.082000000000000000e+03,1.228273454865483654e+05
2.083000000000000000e+03,1.464752423871605715e+05
2.084000000000000000e+03,1.164533605611970561e+05
2.085000000000000000e+03,1.205203892469440470e+05
2.086000000000000000e+03,1.327623065733936382e+05
2.087000000000000000e+03,1.305886282294847042e+05
2.088000000000000000e+03,9.903151641150873911e+04
2.089000000000000000e+03,8.136750367188252858e+04
2.090000000000000000e+03,1.282104242304571089e+05
2.091000000000000000e+03,9.346865598972819862e+04
2.092000000000000000e+03,1.265702146930839954e+05
2.093000000000000000e+03,1.237197938002961891e+05
2.094000000000000000e+03,1.135677502850828314e+05
2.095000000000000000e+03,1.363565212972690060e+05
2.096000000000000000e+03,9.621440018097989378e+04
2.097000000000000000e+03,1.030663137136623554e+05
2.098000000000000000e+03,1.375576331429989950e+05
2.099000000000000000e+03,7.129193039812368806e+04
2.100000000000000000e+03,7.927160881414100004e+04
2.101000000000000000e+03,1.039045176481138915e+05
2.102000000000000000e+03,1.375457524730721198e+05
2.103000000000000000e+03,1.041528803740688745e+05
2.104000000000000000e+03,1.290060576053594559e+05
2.105000000000000000e+03,1.209244638468107150e+05
2.106000000000000000e+03,6.670342926068336237e+04
2.107000000000000000e+03,1.850751456070304266e+05
2.108000000000000000e+03,1.064648134789815522e+05
2.109000000000000000e+03,1.047489487185655744e+05
2.110000000000000000e+03,1.167592485369489732e+05
2.111000000000000000e+03,1.525280504862967355e+05
2.112000000000000000e+03,1.208838658619660127e+05
2.113000000000000000e+03,1.251481726759518351e+05
2.114000000000000000e+03,1.308673652604982926e+05
2.115000000000000000e+03,1.538527269035015197e+05
2.116000000000000000e+03,1.239783843957860663e+05
2.117000000000000000e+03,1.323626468826161290e+05
2.118000000000000000e+03,1.247394158756200777e+05
2.119000000000000000e+03,1.170059580659633357e+05
2.120000000000000000e+03,1.182921177716601233e+05
2.121000000000000000e+03,9.309258148935752979e+04
2.122000000000000000e+03,1.048076904041858506e+05
2.123000000000000000e+03,9.709105021366325673e+04
2.124000000000000000e+03,1.611406503599478165e+05
2.125000000000000000e+03,1.237456468682943087e+05
2.126000000000000000e+03,1.318744321068916761e+05
2.127000000000000000e+03,1.529821350836365600e+05
2.128000000000000000e+03,1.374872189782486821e+05
2.129000000000000000e+03,1.070141604578150582e+05
2.130000000000000000e+03,1.243584301259379863e+05
2.131000000000000000e+03,1.554241870188261091e+05
2.132000000000000000e+03,1.168114160144499037e+05
2.133000000000000000e+03,1.203778312137187313e+05
2.134000000000000000e+03,1.214635273105042434e+05
2.135000000000000000e+03,1.070473177818111290e+05
2.136000000000000000e+03,7.412208070711765322e+04
2.137000000000000000e+03,1.103004343461800308e+05
2.138000000000000000e+03,1.233790046680371597e+05
2.139000000000000000e+03,1.289662474313667335e+05
2.140000000000000000e+03,1.333132688259417482e+05
2.141000000000000000e+03,1.538009264466823952e+05
2.142000000000000000e+03,1.115413137285180419e+05
2.143000000000000000e+03,1.287636336035082059e+05
2.144000000000000000e+03,1.005003422690063308e+05
2.145000000000000000e+03,1.406177569711290125e+05
2.146000000000000000e+03,1.585877375382582250e+05
2.147000000000000000e+03,1.381876694746095745e+05
2.148000000000000000e+03,1.399045763814928359e+05
2.149000000000000000e+03,1.516987266509689798e+05
2.150000000000000000e+03,2.140022050960782217e+05
2.151000000000000000e+03,1.174743323577217525e+05
2.152000000000000000e+03,1.389293181961961673e+05
2.153000000000000000e+03,1.389161337462700903e+05
2.154000000000000000e+03,1.002644259228428273e+05
2.155000000000000000e+03,1.360177193856419763e+05
2.156000000000000000e+03,2.410894743495626317e+05
2.157000000000000000e+03,2.300333413675344782e+05
2.158000000000000000e+03,2.361769762641611742e+05
2.159000000000000000e+03,2.139002825646469137e+05
2.160000000000000000e+03,1.841273987281240989e+05
2.161000000000000000e+03,2.394278619809191150e+05
2.162000000000000000e+03,3.618952596998260706e+05
2.163000000000000000e+03,3.240544836397079634e+05
2.164000000000000000e+03,2.311128535465038440e+05
2.165000000000000000e+03,1.991325827637692855e+05
2.166000000000000000e+03,1.608686194730988645e+05
2.167000000000000000e+03,2.117223756551856641e+05
2.168000000000000000e+03,1.911005134238076571e+05
2.169000000000000000e+03,1.943504347329193261e+05
2.170000000000000000e+03,2.045285904292708146e+05
2.171000000000000000e+03,1.520160525150435860e+05
2.172000000000000000e+03,1.375238722697938792e+05
2.173000000000000000e+03,1.647917992571879586e+05
2.174000000000000000e+03,2.227682705247441481e+05
2.175000000000000000e+03,2.763306523341836873e+05
2.176000000000000000e+03,2.848438419324992574e+05
2.177000000000000000e+03,2.320975313487267704e+05
2.178000000000000000e+03,2.095496003029601707e+05
2.179000000000000000e+03,1.419469544335756800e+05
2.180000000000000000e+03,2.158997049055076786e+05
2.181000000000000000e+03,1.897573908326588280e+05
2.182000000000000000e+03,2.229434733891770011e+05
2.183000000000000000e+03,1.897016578244919947e+05
2.184000000000000000e+03,1.114102900931093900e+05
2.185000000000000000e+03,1.215942228609200683e+05
2.186000000000000000e+03,1.410187657582201937e+05
2.187000000000000000e+03,1.369659649307798536e+05
2.188000000000000000e+03,1.517049066488782992e+05
2.189000000000000000e+03,2.994366798937979620e+05
2.190000000000000000e+03,8.192086062883895647e+04
2.191000000000000000e+03,7.982542995171823713e+04
2.192000000000000000e+03,7.728098277298310131e+04
2.193000000000000000e+03,1.109362377033871744e+05
2.194000000000000000e+03,1.070665899630067142e+05
2.195000000000000000e+03,1.037122509050715016e+05
2.196000000000000000e+03,1.108458948070707556e+05
2.197000000000000000e+03,1.166731198147095274e+05
2.198000000000000000e+03,1.782798551245612034e+05
2.199000000000000000e+03,1.994478125880597800e+05
2.200000000000000000e+03,1.299406781899878115e+05
2.201000000000000000e+03,1.341216372540711309e+05
2.202000000000000000e+03,1.974937544886473042e+05
2.203000000000000000e+03,1.241306151588821813e+05
2.204000000000000000e+03,1.654028454650828789e+05
2.205000000000000000e+03,1.063132171624082985e+05
2.206000000000000000e+03,1.308317840508692898e+05
2.207000000000000000e+03,1.956452262026984245e+05
2.208000000000000000e+03,2.611303497466696426e+05
2.209000000000000000e+03,1.980255795607694890e+05
2.210000000000000000e+03,1.380792284528182354e+05
2.211000000000000000e+03,1.214868398521987256e+05
2.212000000000000000e+03,1.193177400440305792e+05
2.213000000000000000e+03,1.073748835553311947e+05
2.214000000000000000e+03,1.299798478409604140e+05
2.215000000000000000e+03,1.080766750705470913e+05
2.216000000000000000e+03,1.319201642065773776e+05
2.217000000000000000e+03,6.975626850155727880e+04
2.218000000000000000e+03,9.437025114924521768e+04
2.219000000000000000e+03,9.139198510242371412e+04
2.220000000000000000e+03,8.747632300097898406e+04
2.221000000000000000e+03,2.429985897870803310e+05
2.222000000000000000e+03,2.280121375995908456e+05
2.223000000000000000e+03,2.695801723159461399e+05
2.224000000000000000e+03,2.192131868692441785e+05
2.225000000000000000e+03,1.258546291808019741e+05
2.226000000000000000e+03,1.763981852135216759e+05
2.227000000000000000e+03,2.119514546837480448e+05
2.228000000000000000e+03,2.703268014746331028e+05
2.229000000000000000e+03,2.449778597765248851e+05
2.230000000000000000e+03,1.562303235252011509e+05
2.231000000000000000e+03,2.093166495502934267e+05
2.232000000000000000e+03,1.905125082592619583e+05
2.233000000000000000e+03,1.956032075001614576e+05
2.234000000000000000e+03,2.533260426616041805e+05
2.235000000000000000e+03,2.213916614927413175e+05
2.236000000000000000e+03,2.646941356808373239e+05
2.237000000000000000e+03,3.242051557203407283e+05
2.238000000000000000e+03,2.137977093061353371e+05
2.239000000000000000e+03,1.243093052068225079e+05
2.240000000000000000e+03,1.636233746890395705e+05
2.241000000000000000e+03,1.360324118233520712e+05
2.242000000000000000e+03,1.309005064185557130e+05
2.243000000000000000e+03,1.366552724391483644e+05
2.244000000000000000e+03,1.080893325649420585e+05
2.245000000000000000e+03,1.004247942199160752e+05
2.246000000000000000e+03,1.416505344958538772e+05
2.247000000000000000e+03,1.324115775182632788e+05
2.248000000000000000e+03,1.331214186264629534e+05
2.249000000000000000e+03,1.343357707468751469e+05
2.250000000000000000e+03,1.352784450142514834e+05
2.251000000000000000e+03,1.051498312436339620e+05
2.252000000000000000e+03,1.823349985924424545e+05
2.253000000000000000e+03,1.646386988780880929e+05
2.254000000000000000e+03,1.752820917496215843e+05
2.255000000000000000e+03,1.906344830853547610e+05
2.256000000000000000e+03,1.793998813876510540e+05
2.257000000000000000e+03,2.090212897248509107e+05
2.258000000000000000e+03,1.694890574376519071e+05
2.259000000000000000e+03,1.752104896882319299e+05
2.260000000000000000e+03,1.466625743113713106e+05
2.261000000000000000e+03,1.859562765041624662e+05
2.262000000000000000e+03,2.119240682273932034e+05
2.263000000000000000e+03,3.688119820452023414e+05
2.264000000000000000e+03,4.487522700602814439e+05
2.265000000000000000e+03,1.484244020509372931e+05
2.266000000000000000e+03,2.817402042743517086e+05
2.267000000000000000e+03,3.334033993378086598e+05
2.268000000000000000e+03,3.958834637837136979e+05
2.269000000000000000e+03,1.554910566545796173e+05
2.270000000000000000e+03,2.026248491575634107e+05
2.271000000000000000e+03,2.248034671590554644e+05
2.272000000000000000e+03,2.081113400950026989e+05
2.273000000000000000e+03,1.685494566723530588e+05
2.274000000000000000e+03,1.797602135069893848e+05
2.275000000000000000e+03,1.546352309995534015e+05
2.276000000000000000e+03,1.926916069597786409e+05
2.277000000000000000e+03,1.880999233247961092e+05
2.278000000000000000e+03,1.471067177405219700e+05
2.279000000000000000e+03,1.306501153583661508e+05
2.280000000000000000e+03,1.188706597327414493e+05
2.281000000000000000e+03,1.676642287218552083e+05
2.282000000000000000e+03,1.850787065984036599e+05
2.283000000000000000e+03,1.089810363778873871e+05
2.284000000000000000e+03,1.152818678896131023e+05
2.285000000000000000e+03,1.517428734831415641e+05
2.286000000000000000e+03,1.203986500563609152e+05
2.287000000000000000e+03,3.475631467640814371e+05
2.288000000000000000e+03,2.831138814073632821e+05
2.289000000000000000e+03,3.495525560029108892e+05
2.290000000000000000e+03,4.079695676625975757e+05
2.291000000000000000e+03,3.317135449788026744e+05
2.292000000000000000e+03,4.110017021972957882e+05
2.293000000000000000e+03,4.482920703101209947e+05
2.294000000000000000e+03,3.655285566107450286e+05
2.295000000000000000e+03,4.448317443000447238e+05
2.296000000000000000e+03,2.613861439254347642e+05
2.297000000000000000e+03,3.254227921146605513e+05
2.298000000000000000e+03,3.207771686931421282e+05
2.299000000000000000e+03,3.576936933492539683e+05
2.300000000000000000e+03,3.307035365032204427e+05
2.301000000000000000e+03,3.107572262980172527e+05
2.302000000000000000e+03,2.651047919478242984e+05
2.303000000000000000e+03,2.493007775941830769e+05
2.304000000000000000e+03,2.480522602783144102e+05
2.305000000000000000e+03,1.992180178920952894e+05
2.306000000000000000e+03,2.012203603341720882e+05
2.307000000000000000e+03,2.060005388728747785e+05
2.308000000000000000e+03,2.376703609930649400e+05
2.309000000000000000e+03,2.808148751376155415e+05
2.310000000000000000e+03,2.265819904503608705e+05
2.311000000000000000e+03,2.269257879653091659e+05
2.312000000000000000e+03,1.739149478161714505e+05
2.313000000000000000e+03,1.831093635873463354e+05
2.314000000000000000e+03,1.732475256929187162e+05
2.315000000000000000e+03,1.839530929470234259e+05
2.316000000000000000e+03,1.933085583297654812e+05
2.317000000000000000e+03,1.865693151591877977e+05
2.318000000000000000e+03,1.699515309397613164e+05
2.319000000000000000e+03,1.812619095798314083e+05
2.320000000000000000e+03,1.883252867742043454e+05
2.321000000000000000e+03,2.370097910567163490e+05
2.322000000000000000e+03,1.909810132762563881e+05
2.323000000000000000e+03,1.812046584488576045e+05
2.324000000000000000e+03,1.948372602607739391e+05
2.325000000000000000e+03,2.072639539623621386e+05
2.326000000000000000e+03,1.838989830396668112e+05
2.327000000000000000e+03,2.084230679097675311e+05
2.328000000000000000e+03,2.237820687758665881e+05
2.329000000000000000e+03,1.953510444466840709e+05
2.330000000000000000e+03,1.825289816321047256e+05
2.331000000000000000e+03,3.510634729756912566e+05
2.332000000000000000e+03,3.995477730969920522e+05
2.333000000000000000e+03,3.427287221155712614e+05
2.334000000000000000e+03,2.683083457468669512e+05
2.335000000000000000e+03,2.884607477877335041e+05
2.336000000000000000e+03,3.341941641820655786e+05
2.337000000000000000e+03,2.004407525014395360e+05
2.338000000000000000e+03,2.692517870713538723e+05
2.339000000000000000e+03,2.351220946822134138e+05
2.340000000000000000e+03,3.633189761292448966e+05
2.341000000000000000e+03,2.224624303264955233e+05
2.342000000000000000e+03,2.324936152170260320e+05
2.343000000000000000e+03,2.352961948666431417e+05
2.344000000000000000e+03,2.247387802489769238e+05
2.345000000000000000e+03,2.326157621059604571e+05
2.346000000000000000e+03,2.111560338370989775e+05
2.347000000000000000e+03,1.927491826820640708e+05
2.348000000000000000e+03,2.325280649389440368e+05
2.349000000000000000e+03,1.756554302298996481e+05
2.350000000000000000e+03,2.915302033919048263e+05
2.351000000000000000e+03,2.363876537384501426e+05
2.352000000000000000e+03,2.456543707253747270e+05
2.353000000000000000e+03,2.489064260911298043e+05
2.354000000000000000e+03,1.358416475239816937e+05
2.355000000000000000e+03,1.461525492173960956e+05
2.356000000000000000e+03,1.586600929873404675e+05
2.357000000000000000e+03,1.910862437959429808e+05
2.358000000000000000e+03,1.861672266079931578e+05
2.359000000000000000e+03,1.305757280706401943e+05
2.360000000000000000e+03,1.078105636392019369e+05
2.361000000000000000e+03,1.294985617729482765e+05
2.362000000000000000e+03,2.600461763877035701e+05
2.363000000000000000e+03,1.170116648939090956e+05
2.364000000000000000e+03,1.643856128323059238e+05
2.365000000000000000e+03,2.240683775437467266e+05
2.366000000000000000e+03,1.848034721181729401e+05
2.367000000000000000e+03,2.054396804691876750e+05
2.368000000000000000e+03,2.143009062463771552e+05
2.369000000000000000e+03,2.022583044963000284e+05
2.370000000000000000e+03,1.751174147925193247e+05
2.371000000000000000e+03,1.681199334702362248e+05
2.372000000000000000e+03,1.831904924128139974e+05
2.373000000000000000e+03,2.754833265579789877e+05
2.374000000000000000e+03,2.951207825253230985e+05
2.375000000000000000e+03,2.272201618997393816e+05
2.376000000000000000e+03,3.011275672355433344e+05
2.377000000000000000e+03,3.201863402514062473e+05
2.378000000000000000e+03,1.519469488378159876e+05
2.379000000000000000e+03,2.016585205465361360e+05
2.380000000000000000e+03,1.554409759591519833e+05
2.381000000000000000e+03,1.531539122429869894e+05
2.382000000000000000e+03,2.056248331212777121e+05
2.383000000000000000e+03,2.079387877067551308e+05
2.384000000000000000e+03,2.441835858548066171e+05
2.385000000000000000e+03,1.684350984048826213e+05
2.386000000000000000e+03,1.306758117135089269e+05
2.387000000000000000e+03,1.304954753650516504e+05
2.388000000000000000e+03,1.144554184745107777e+05
2.389000000000000000e+03,1.374646808384209580e+05
2.390000000000000000e+03,1.404721452304206323e+05
2.391000000000000000e+03,1.459855120590255246e+05
2.392000000000000000e+03,1.179269098491327459e+05
2.393000000000000000e+03,1.763465202401059214e+05
2.394000000000000000e+03,1.352047256813572603e+05
2.395000000000000000e+03,2.073624643755693105e+05
2.396000000000000000e+03,1.486800959309897153e+05
2.397000000000000000e+03,2.103004567527160689e+05
2.398000000000000000e+03,1.295065923073589802e+05
2.399000000000000000e+03,6.671963736649122438e+04
2.400000000000000000e+03,7.101556054461690655e+04
2.401000000000000000e+03,1.232585162750523596e+05
2.402000000000000000e+03,1.307520838535894291e+05
2.403000000000000000e+03,1.443914986762143089e+05
2.404000000000000000e+03,1.566077566409237043e+05
2.405000000000000000e+03,1.439462098344734404e+05
2.406000000000000000e+03,1.397557261853956734e+05
2.407000000000000000e+03,1.273259902225930273e+05
2.408000000000000000e+03,1.418043787443418696e+05
2.409000000000000000e+03,1.259428382025724713e+05
2.410000000000000000e+03,1.919268836684976704e+05
2.411000000000000000e+03,1.129358643749907496e+05
2.412000000000000000e+03,1.487536525731665315e+05
2.413000000000000000e+03,1.189697125106931635e+05
2.414000000000000000e+03,1.594439608339684200e+05
2.415000000000000000e+03,1.318258196116342151e+05
2.416000000000000000e+03,1.312024287266518513e+05
2.417000000000000000e+03,1.453260245298538648e+05
2.418000000000000000e+03,1.380380133049386495e+05
2.419000000000000000e+03,1.083360330076645332e+05
2.420000000000000000e+03,1.239189511516317143e+05
2.421000000000000000e+03,1.467252139518225740e+05
2.422000000000000000e+03,1.031432277424238127e+05
2.423000000000000000e+03,1.020104196244947234e+05
2.424000000000000000e+03,1.522496623808364966e+05
2.425000000000000000e+03,1.928237203863738105e+05
2.426000000000000000e+03,1.279010814589600050e+05
2.427000000000000000e+03,1.249085751258073869e+05
2.428000000000000000e+03,1.577342966654749180e+05
2.429000000000000000e+03,1.238651858762483025e+05
2.430000000000000000e+03,1.341894239315733721e+05
2.431000000000000000e+03,1.151438376127114170e+05
2.432000000000000000e+03,1.465270165735013434e+05
2.433000000000000000e+03,1.358603902916290099e+05
2.434000000000000000e+03,1.297371340565164282e+05
2.435000000000000000e+03,1.424144596074854489e+05
2.436000000000000000e+03,1.116566559853098006e+05
2.437000000000000000e+03,1.129000239504711790e+05
2.438000000000000000e+03,1.163700163552769955e+05
2.439000000000000000e+03,1.124385779376549763e+05
2.440000000000000000e+03,1.189157487378364167e+05
2.441000000000000000e+03,1.014717279592864070e+05
2.442000000000000000e+03,1.091462753517447563e+05
2.443000000000000000e+03,1.394033260573826265e+05
2.444000000000000000e+03,1.291137595998151955e+05
2.445000000000000000e+03,9.558183141400296881e+04
2.446000000000000000e+03,1.385493037028706458e+05
2.447000000000000000e+03,1.837754240293752227e+05
2.448000000000000000e+03,1.387843988662093179e+05
2.449000000000000000e+03,1.180368963596935646e+05
2.450000000000000000e+03,1.476415867814195517e+05
2.451000000000000000e+03,1.242949912491451396e+05
2.452000000000000000e+03,1.901839293375462003e+05
2.453000000000000000e+03,9.433362809291383019e+04
2.454000000000000000e+03,1.191100467431742727e+05
2.455000000000000000e+03,1.223743413587553368e+05
2.456000000000000000e+03,1.139655879756849754e+05
2.457000000000000000e+03,1.237773328093936580e+05
2.458000000000000000e+03,1.287280411100723868e+05
2.459000000000000000e+03,1.080232986845273554e+05
2.460000000000000000e+03,1.270036382351674984e+05
2.461000000000000000e+03,1.262773733620861312e+05
2.462000000000000000e+03,1.291728119242203538e+05
2.463000000000000000e+03,1.200235454198201041e+05
2.464000000000000000e+03,1.619788840426079405e+05
2.465000000000000000e+03,1.357973854706239945e+05
2.466000000000000000e+03,1.076130989779170195e+05
2.467000000000000000e+03,1.447462253568377055e+05
2.468000000000000000e+03,9.575172179948248959e+04
2.469000000000000000e+03,8.699712904760258971e+04
2.470000000000000000e+03,1.809353502703332051e+05
2.471000000000000000e+03,2.065371103328970785e+05
2.472000000000000000e+03,1.454810103696142614e+05
2.473000000000000000e+03,1.047379031728188565e+05
2.474000000000000000e+03,7.953471600256563397e+04
2.475000000000000000e+03,1.988811064991958847e+05
2.476000000000000000e+03,1.057556205850611295e+05
2.477000000000000000e+03,1.007741692559327057e+05
2.478000000000000000e+03,1.368358874965776049e+05
2.479000000000000000e+03,9.790111546738127072e+04
2.480000000000000000e+03,1.417305383001866285e+05
2.481000000000000000e+03,1.103348661777446396e+05
2.482000000000000000e+03,1.157924580394295044e+05
2.483000000000000000e+03,1.051437399315489747e+05
2.484000000000000000e+03,1.126992660739225394e+05
2.485000000000000000e+03,1.247924625063788408e+05
2.486000000000000000e+03,1.339516073044406367e+05
2.487000000000000000e+03,1.713980694368876866e+05
2.488000000000000000e+03,1.642686409783642448e+05
2.489000000000000000e+03,1.434295914576288196e+05
2.490000000000000000e+03,1.380144977336141455e+05
2.491000000000000000e+03,9.994789025919044798e+04
2.492000000000000000e+03,2.009560599319586472e+05
2.493000000000000000e+03,1.539907948730613280e+05
2.494000000000000000e+03,1.448950240622902056e+05
2.495000000000000000e+03,1.007074098532002681e+05
2.496000000000000000e+03,2.547566460175985994e+05
2.497000000000000000e+03,1.391025645891078457e+05
2.498000000000000000e+03,1.131329322873383935e+05
2.499000000000000000e+03,8.871676739691782859e+04
2.500000000000000000e+03,1.208744183010218694e+05
2.501000000000000000e+03,1.206206139761122322e+05
2.502000000000000000e+03,1.405048620868410799e+05
2.503000000000000000e+03,9.910712730319619004e+04
2.504000000000000000e+03,1.741694734707675525e+05
2.505000000000000000e+03,2.194014041103580967e+05
2.506000000000000000e+03,2.417210241034500068e+05
2.507000000000000000e+03,2.570119508589754696e+05
2.508000000000000000e+03,2.415975437830186856e+05
2.509000000000000000e+03,2.146646920966914913e+05
2.510000000000000000e+03,2.243737876410043391e+05
2.511000000000000000e+03,1.791180944493045390e+05
2.512000000000000000e+03,1.920170256553431391e+05
2.513000000000000000e+03,2.212469694723936555e+05
2.514000000000000000e+03,2.224009178739776253e+05
2.515000000000000000e+03,1.429429500799849629e+05
2.516000000000000000e+03,1.828265582660718646e+05
2.517000000000000000e+03,1.479467521873733494e+05
2.518000000000000000e+03,1.427053515965928964e+05
2.519000000000000000e+03,2.186131558961574920e+05
2.520000000000000000e+03,2.098110147590406414e+05
2.521000000000000000e+03,1.877913121787042473e+05
2.522000000000000000e+03,2.217246910816840245e+05
2.523000000000000000e+03,1.275344160229275876e+05
2.524000000000000000e+03,1.384562726374201593e+05
2.525000000000000000e+03,1.468171823518267192e+05
2.526000000000000000e+03,1.338176033208698500e+05
2.527000000000000000e+03,1.187717435759529035e+05
2.528000000000000000e+03,1.318778975161190610e+05
2.529000000000000000e+03,1.318254101664925111e+05
2.530000000000000000e+03,1.397991598220897722e+05
2.531000000000000000e+03,2.271366564754350111e+05
2.532000000000000000e+03,2.258514903393538843e+05
2.533000000000000000e+03,1.902105289558982186e+05
2.534000000000000000e+03,2.298777231334608805e+05
2.535000000000000000e+03,2.739984615380872274e+05
2.536000000000000000e+03,2.369961899749024305e+05
2.537000000000000000e+03,2.157213132784481568e+05
2.538000000000000000e+03,1.818441370745700842e+05
2.539000000000000000e+03,1.873619613112028164e+05
2.540000000000000000e+03,1.841760165433341754e+05
2.541000000000000000e+03,1.909602438106901245e+05
2.542000000000000000e+03,1.617231816506412579e+05
2.543000000000000000e+03,1.127238086190671020e+05
2.544000000000000000e+03,1.139013780007314781e+05
2.545000000000000000e+03,1.247563728546244674e+05
2.546000000000000000e+03,1.308219113706195931e+05
2.547000000000000000e+03,1.360018409681796038e+05
2.548000000000000000e+03,1.450384157031353679e+05
2.549000000000000000e+03,1.463063161211196275e+05
2.550000000000000000e+03,8.867780470208504703e+05
2.551000000000000000e+03,1.349669933333646331e+05
2.552000000000000000e+03,1.200991885681937129e+05
2.553000000000000000e+03,7.272673544544773176e+04
2.554000000000000000e+03,1.014066864464584360e+05
2.555000000000000000e+03,1.251901550751153263e+05
2.556000000000000000e+03,9.571039039114571642e+04
2.557000000000000000e+03,1.006027779027911020e+05
2.558000000000000000e+03,1.455970251623616787e+05
2.559000000000000000e+03,1.186007824030293850e+05
2.560000000000000000e+03,1.453618954348740808e+05
2.561000000000000000e+03,1.538836032745933044e+05
2.562000000000000000e+03,1.338830510999340040e+05
2.563000000000000000e+03,1.464752285430629563e+05
2.564000000000000000e+03,1.831337348344997154e+05
2.565000000000000000e+03,1.231317039021229575e+05
2.566000000000000000e+03,1.461189479137666640e+05
2.567000000000000000e+03,1.151650788562672242e+05
2.568000000000000000e+03,1.805715883582569659e+05
2.569000000000000000e+03,2.076458413523242634e+05
2.570000000000000000e+03,1.406053056756429723e+05
2.571000000000000000e+03,1.651794190325029194e+05
2.572000000000000000e+03,1.535732873807977012e+05
2.573000000000000000e+03,2.070906963776966149e+05
2.574000000000000000e+03,2.719583347311863909e+05
2.575000000000000000e+03,1.349007807897369494e+05
2.576000000000000000e+03,1.171332069224192819e+05
2.577000000000000000e+03,1.410912410063367279e+05
2.578000000000000000e+03,1.046740972201097320e+05
2.579000000000000000e+03,6.806671312648174353e+04
2.580000000000000000e+03,9.998372836267863750e+04
2.581000000000000000e+03,1.221473282967409468e+05
2.582000000000000000e+03,1.341338224569913582e+05
2.583000000000000000e+03,2.243992895143567875e+05
2.584000000000000000e+03,1.706897323857776937e+05
2.585000000000000000e+03,1.996496732882222859e+05
2.586000000000000000e+03,2.140343053843642701e+05
2.587000000000000000e+03,2.016478459443128668e+05
2.588000000000000000e+03,1.355727291347872233e+05
2.589000000000000000e+03,1.467461931184527348e+05
2.590000000000000000e+03,2.174506010411537427e+05
2.591000000000000000e+03,2.500863626723161724e+05
2.592000000000000000e+03,2.113982103576093505e+05
2.593000000000000000e+03,2.244399438800215139e+05
2.594000000000000000e+03,2.000770914841381309e+05
2.595000000000000000e+03,2.117956059832916362e+05
2.596000000000000000e+03,2.972685754633028409e+05
2.597000000000000000e+03,2.022772016722359112e+05
2.598000000000000000e+03,2.829600613658570219e+05
2.599000000000000000e+03,3.212750293549844064e+05
2.600000000000000000e+03,1.536768741289026802e+05
2.601000000000000000e+03,1.445248503514080949e+05
2.602000000000000000e+03,8.796814486324302561e+04
2.603000000000000000e+03,9.121049933971925930e+04
2.604000000000000000e+03,9.272598726994964818e+04
2.605000000000000000e+03,8.743659339246914897e+04
2.606000000000000000e+03,1.452397745059204753e+05
2.607000000000000000e+03,1.880859631291020196e+05
2.608000000000000000e+03,2.014021393761520158e+05
2.609000000000000000e+03,1.761732766452934593e+05
2.610000000000000000e+03,1.182544662927125901e+05
2.611000000000000000e+03,1.186818846099313523e+05
2.612000000000000000e+03,1.587466962009581912e+05
2.613000000000000000e+03,1.321825387641975249e+05
2.614000000000000000e+03,1.242669307101612212e+05
2.615000000000000000e+03,1.516601379894820275e+05
2.616000000000000000e+03,1.434879008847575460e+05
2.617000000000000000e+03,1.782433467940711998e+05
2.618000000000000000e+03,2.012326072126927320e+05
2.619000000000000000e+03,1.994702018952345243e+05
2.620000000000000000e+03,1.810244208919570956e+05
2.621000000000000000e+03,1.784958983356034441e+05
2.622000000000000000e+03,1.780557982252222719e+05
2.623000000000000000e+03,2.335916151122309384e+05
2.624000000000000000e+03,2.686227380548439105e+05
2.625000000000000000e+03,2.729646690590208746e+05
2.626000000000000000e+03,1.866015782499419001e+05
2.627000000000000000e+03,1.752728030318229576e+05
2.628000000000000000e+03,4.336551249028390157e+05
2.629000000000000000e+03,4.584578191571153584e+05
2.630000000000000000e+03,3.581530627284036600e+05
2.631000000000000000e+03,4.526962857904487173e+05
2.632000000000000000e+03,3.780933163100599777e+05
2.633000000000000000e+03,2.922079599524779478e+05
2.634000000000000000e+03,3.886122835284317844e+05
2.635000000000000000e+03,1.609791365766505769e+05
2.636000000000000000e+03,1.778257688078780484e+05
2.637000000000000000e+03,1.653484740305175947e+05
2.638000000000000000e+03,2.512436435304290499e+05
2.639000000000000000e+03,1.917190144665917906e+05
2.640000000000000000e+03,1.515027369766860211e+05
2.641000000000000000e+03,1.083943495913210354e+05
2.642000000000000000e+03,1.762023109254858864e+05
2.643000000000000000e+03,1.086564695946425782e+05
2.644000000000000000e+03,1.320111449951357499e+05
2.645000000000000000e+03,1.169400706279276055e+05
2.646000000000000000e+03,9.891587296044503455e+04
2.647000000000000000e+03,1.056138527209153690e+05
2.648000000000000000e+03,1.429690645836805925e+05
2.649000000000000000e+03,1.510469262718763785e+05
2.650000000000000000e+03,1.431014084417212289e+05
2.651000000000000000e+03,1.508671907544663409e+05
2.652000000000000000e+03,4.184175136861211504e+05
2.653000000000000000e+03,2.663650958823586698e+05
2.654000000000000000e+03,2.559827642535991035e+05
2.655000000000000000e+03,3.617419906012868159e+05
2.656000000000000000e+03,3.139867831925413921e+05
2.657000000000000000e+03,3.385241683025963721e+05
2.658000000000000000e+03,2.895699724792688503e+05
2.659000000000000000e+03,3.052298020067898324e+05
2.660000000000000000e+03,3.546868941559725208e+05
2.661000000000000000e+03,3.318934756169156171e+05
2.662000000000000000e+03,3.468311743243836681e+05
2.663000000000000000e+03,3.038961434283241397e+05
2.664000000000000000e+03,2.724996189250726602e+05
2.665000000000000000e+03,3.333487340557788266e+05
2.666000000000000000e+03,2.716373208868592628e+05
2.667000000000000000e+03,1.864718962014027638e+05
2.668000000000000000e+03,1.863909270625825739e+05
2.669000000000000000e+03,1.707634459479059442e+05
2.670000000000000000e+03,2.580986410387316428e+05
2.671000000000000000e+03,1.851416817597813497e+05
2.672000000000000000e+03,1.940944150697764999e+05
2.673000000000000000e+03,1.978798047461887181e+05
2.674000000000000000e+03,2.070262010732803319e+05
2.675000000000000000e+03,1.687238831076511124e+05
2.676000000000000000e+03,1.995954888463768584e+05
2.677000000000000000e+03,2.053033504800637602e+05
2.678000000000000000e+03,2.334974568256112980e+05
2.679000000000000000e+03,2.981381027594751213e+05
2.680000000000000000e+03,2.914991855467755813e+05
2.681000000000000000e+03,4.051798561187948799e+05
2.682000000000000000e+03,3.306628835536346887e+05
2.683000000000000000e+03,4.995358538564458722e+05
2.684000000000000000e+03,3.259450260549007216e+05
2.685000000000000000e+03,3.519998413750951295e+05
2.686000000000000000e+03,2.425956759644588456e+05
2.687000000000000000e+03,3.062588552732308744e+05
2.688000000000000000e+03,2.155121335587286158e+05
2.689000000000000000e+03,2.048407697211894847e+05
2.690000000000000000e+03,4.229226537377364584e+05
2.691000000000000000e+03,1.907455392687563435e+05
2.692000000000000000e+03,1.368578945039459213e+05
2.693000000000000000e+03,1.841710860943613225e+05
2.694000000000000000e+03,1.415385260193313006e+05
2.695000000000000000e+03,1.923917928870261239e+05
2.696000000000000000e+03,1.840203789470894262e+05
2.697000000000000000e+03,1.776957612443937396e+05
2.698000000000000000e+03,1.841907324047225411e+05
2.699000000000000000e+03,1.687127046779855445e+05
2.700000000000000000e+03,1.561934327406660886e+05
2.701000000000000000e+03,1.643283532881567662e+05
2.702000000000000000e+03,1.078221222233823355e+05
2.703000000000000000e+03,1.355648631956411409e+05
2.704000000000000000e+03,1.371472063101677923e+05
2.705000000000000000e+03,1.070062485735132504e+05
2.706000000000000000e+03,1.108471532376448013e+05
2.707000000000000000e+03,1.162827340656791785e+05
2.708000000000000000e+03,1.173277238678552094e+05
2.709000000000000000e+03,1.027202384688108141e+05
2.710000000000000000e+03,1.178301462096158648e+05
2.711000000000000000e+03,2.723557192705509369e+05
2.712000000000000000e+03,3.809775606818892993e+05
2.713000000000000000e+03,1.799858231672434486e+05
2.714000000000000000e+03,1.593266386981520918e+05
2.715000000000000000e+03,1.634220203132044408e+05
2.716000000000000000e+03,1.572660439825511712e+05
2.717000000000000000e+03,1.835683920640056022e+05
2.718000000000000000e+03,2.245453552681643923e+05
2.719000000000000000e+03,1.484999014207442524e+05
2.720000000000000000e+03,1.725720235780539515e+05
2.721000000000000000e+03,1.329742683163081820e+05
2.722000000000000000e+03,1.588756498812337813e+05
2.723000000000000000e+03,1.581467065239271906e+05
2.724000000000000000e+03,1.295507327459088119e+05
2.725000000000000000e+03,1.223586017303525587e+05
2.726000000000000000e+03,1.413607592042305041e+05
2.727000000000000000e+03,1.820061479482221766e+05
2.728000000000000000e+03,1.881383441307354660e+05
2.729000000000000000e+03,1.473280285673350736e+05
2.730000000000000000e+03,1.423086929666789656e+05
2.731000000000000000e+03,1.393282084490085545e+05
2.732000000000000000e+03,1.327931646765168116e+05
2.733000000000000000e+03,1.621037309771074215e+05
2.734000000000000000e+03,1.491896702859907818e+05
2.735000000000000000e+03,1.316940608302885084e+05
2.736000000000000000e+03,1.451825520847790176e+05
2.737000000000000000e+03,1.187984941285485547e+05
2.738000000000000000e+03,1.346884161307431350e+05
2.739000000000000000e+03,1.533402241015738982e+05
2.740000000000000000e+03,1.392372334488913475e+05
2.741000000000000000e+03,1.360921366375192592e+05
2.742000000000000000e+03,1.667398433591660287e+05
2.743000000000000000e+03,1.388565508613548882e+05
2.744000000000000000e+03,1.535987743935587932e+05
2.745000000000000000e+03,1.601155795673079556e+05
2.746000000000000000e+03,1.319202107308325940e+05
2.747000000000000000e+03,1.649587540210013976e+05
2.748000000000000000e+03,1.406867239026816096e+05
2.749000000000000000e+03,1.281784429100235284e+05
2.750000000000000000e+03,1.369064441886561690e+05
2.751000000000000000e+03,1.251080943796263746e+05
2.752000000000000000e+03,2.101597699902718305e+05
2.753000000000000000e+03,1.404792411193068256e+05
2.754000000000000000e+03,1.806964601175060379e+05
2.755000000000000000e+03,1.412268872086034680e+05
2.756000000000000000e+03,1.059346133112997923e+05
2.757000000000000000e+03,8.195920696802856401e+04
2.758000000000000000e+03,9.665537230901046132e+04
2.759000000000000000e+03,1.549225626305048645e+05
2.760000000000000000e+03,1.082802303784435499e+05
2.761000000000000000e+03,1.317221951133453404e+05
2.762000000000000000e+03,1.397115539155456354e+05
2.763000000000000000e+03,1.905943079713011684e+05
2.764000000000000000e+03,1.537819554397564207e+05
2.765000000000000000e+03,2.693627214354200987e+05
2.766000000000000000e+03,1.284199713311500091e+05
2.767000000000000000e+03,8.615325491534898174e+04
2.768000000000000000e+03,1.145505944273692439e+05
2.769000000000000000e+03,1.206526018901986245e+05
2.770000000000000000e+03,1.507619180786866345e+05
2.771000000000000000e+03,1.196000617283697502e+05
2.772000000000000000e+03,9.812166068736636953e+04
2.773000000000000000e+03,1.538216922373827547e+05
2.774000000000000000e+03,1.210948713048002974e+05
2.775000000000000000e+03,1.207655196358821413e+05
2.776000000000000000e+03,1.449979677517085220e+05
2.777000000000000000e+03,1.338436891015128931e+05
2.778000000000000000e+03,1.245191140805070318e+05
2.779000000000000000e+03,1.108230854864868306e+05
2.780000000000000000e+03,1.018172708215235616e+05
2.781000000000000000e+03,1.026040213153509394e+05
2.782000000000000000e+03,9.610144970102445222e+04
2.783000000000000000e+03,8.944872002518671798e+04
2.784000000000000000e+03,1.112883581924398022e+05
2.785000000000000000e+03,1.347800870863080199e+05
2.786000000000000000e+03,7.391372338635761116e+04
2.787000000000000000e+03,1.172137832747453213e+05
2.788000000000000000e+03,7.924019615522607637e+04
2.789000000000000000e+03,1.608682494364372105e+05
2.790000000000000000e+03,1.048079624213605275e+05
2.791000000000000000e+03,1.087490718187796883e+05
2.792000000000000000e+03,6.600461761145252967e+04
2.793000000000000000e+03,1.444387342683678726e+05
2.794000000000000000e+03,9.281014709560375195e+04
2.795000000000000000e+03,1.194284863614626665e+05
2.796000000000000000e+03,9.188983036335319048e+04
2.797000000000000000e+03,1.770212504490965512e+05
2.798000000000000000e+03,1.024730696215233475e+05
2.799000000000000000e+03,1.108803159715160000e+05
2.800000000000000000e+03,8.365220543686322344e+04
2.801000000000000000e+03,1.111892939069527347e+05
2.802000000000000000e+03,1.167201741255829984e+05
2.803000000000000000e+03,1.380152444021905831e+05
2.804000000000000000e+03,1.270994894290823286e+05
2.805000000000000000e+03,1.056577819181711093e+05
2.806000000000000000e+03,9.248302736250692396e+04
2.807000000000000000e+03,1.607930428675606963e+05
2.808000000000000000e+03,1.342750147919377196e+05
2.809000000000000000e+03,1.197166265887013287e+05
2.810000000000000000e+03,1.209299893776280805e+05
2.811000000000000000e+03,1.488515991919984808e+05
2.812000000000000000e+03,1.345047501967981225e+05
2.813000000000000000e+03,1.439615076357405633e+05
2.814000000000000000e+03,1.413317267007282935e+05
2.815000000000000000e+03,9.765358869070703804e+04
2.816000000000000000e+03,2.232813665939624480e+05
2.817000000000000000e+03,1.530351820534068684e+05
2.818000000000000000e+03,1.306286618684246641e+05
2.819000000000000000e+03,1.591749102190021949e+05
2.820000000000000000e+03,1.341485088371756719e+05
2.821000000000000000e+03,1.121271623110259679e+05
2.822000000000000000e+03,1.911572478477220866e+05
2.823000000000000000e+03,2.645066729535711347e+05
2.824000000000000000e+03,1.556993907356683630e+05
2.825000000000000000e+03,1.322620631724179257e+05
2.826000000000000000e+03,1.303941717996897351e+05
2.827000000000000000e+03,1.258768801374216273e+05
2.828000000000000000e+03,2.191732095981462917e+05
2.829000000000000000e+03,2.377639028774909966e+05
2.830000000000000000e+03,2.047207034829494078e+05
2.831000000000000000e+03,1.874584579574750387e+05
2.832000000000000000e+03,2.314744145328716550e+05
2.833000000000000000e+03,2.595580476518074283e+05
2.834000000000000000e+03,1.965069697932796844e+05
2.835000000000000000e+03,2.170537156583483738e+05
2.836000000000000000e+03,1.824268767578383558e+05
2.837000000000000000e+03,1.676484070040583902e+05
2.838000000000000000e+03,1.513500831861569604e+05
2.839000000000000000e+03,1.779170766822285368e+05
2.840000000000000000e+03,1.911783332459282828e+05
2.841000000000000000e+03,2.007242967792817217e+05
2.842000000000000000e+03,2.224346025756134477e+05
2.843000000000000000e+03,1.483690658782339015e+05
2.844000000000000000e+03,1.650181521421058860e+05
2.845000000000000000e+03,1.335808912108416844e+05
2.846000000000000000e+03,2.003203400991751987e+05
2.847000000000000000e+03,1.992249569771735114e+05
2.848000000000000000e+03,2.121084156768184039e+05
2.849000000000000000e+03,1.934524435210394440e+05
2.850000000000000000e+03,2.736699109039963223e+05
2.851000000000000000e+03,2.213608427869309089e+05
2.852000000000000000e+03,2.340223797431191197e+05
2.853000000000000000e+03,2.258664749846320483e+05
2.854000000000000000e+03,1.472288961394891958e+05
2.855000000000000000e+03,2.041142335821531015e+05
2.856000000000000000e+03,1.902210842034396192e+05
2.857000000000000000e+03,1.828345106899194070e+05
2.858000000000000000e+03,1.978630946898974944e+05
2.859000000000000000e+03,1.219569631886351854e+05
2.860000000000000000e+03,1.157779996585714835e+05
2.861000000000000000e+03,1.137129523654592631e+05
2.862000000000000000e+03,1.862428797732552921e+05
2.863000000000000000e+03,1.261752260154490796e+05
2.864000000000000000e+03,2.193598741661771492e+05
2.865000000000000000e+03,1.301791650038661610e+05
2.866000000000000000e+03,1.568366897339652351e+05
2.867000000000000000e+03,1.010553170582205494e+05
2.868000000000000000e+03,1.000409646743433550e+05
2.869000000000000000e+03,1.110582732162669126e+05
2.870000000000000000e+03,1.324399224690149713e+05
2.871000000000000000e+03,9.203817456681377371e+04
2.872000000000000000e+03,6.381511357556706935e+04
2.873000000000000000e+03,1.072126753541134822e+05
2.874000000000000000e+03,1.201314430230591533e+05
2.875000000000000000e+03,1.220403344140585104e+05
2.876000000000000000e+03,1.756306133097015845e+05
2.877000000000000000e+03,1.446438569643188093e+05
2.878000000000000000e+03,1.663617264874089451e+05
2.879000000000000000e+03,1.289030447284753755e+05
2.880000000000000000e+03,1.036670050846955273e+05
2.881000000000000000e+03,1.389343859902448021e+05
2.882000000000000000e+03,1.535468708800855675e+05
2.883000000000000000e+03,1.817225434467479354e+05
2.884000000000000000e+03,1.983346915293103957e+05
2.885000000000000000e+03,1.823384682155801565e+05
2.886000000000000000e+03,2.139501651724800176e+05
2.887000000000000000e+03,1.043390749080962269e+05
2.888000000000000000e+03,1.367493632882522943e+05
2.889000000000000000e+03,7.019530351534788497e+04
2.890000000000000000e+03,8.696784483990020817e+04
2.891000000000000000e+03,1.254532183712562983e+05
2.892000000000000000e+03,6.985740895079678739e+04
2.893000000000000000e+03,9.846851312476162275e+04
2.894000000000000000e+03,7.342515326808165992e+04
2.895000000000000000e+03,2.514542220277704182e+05
2.896000000000000000e+03,2.372199960598191537e+05
2.897000000000000000e+03,1.967888566685833794e+05
2.898000000000000000e+03,1.528528091116639553e+05
2.899000000000000000e+03,2.072478062644614838e+05
2.900000000000000000e+03,1.491232019776851521e+05
2.901000000000000000e+03,2.035891332434114011e+05
2.902000000000000000e+03,1.940978897832938528e+05
2.903000000000000000e+03,3.267391559672194417e+05
2.904000000000000000e+03,3.315781278253290220e+05
2.905000000000000000e+03,8.708000919639592757e+04
2.906000000000000000e+03,2.109561811775551469e+05
2.907000000000000000e+03,1.167191608112480899e+05
2.908000000000000000e+03,1.334247266368222772e+05
2.909000000000000000e+03,1.504593280999851413e+05
2.910000000000000000e+03,8.445995809532317799e+04
2.911000000000000000e+03,8.796428662964084651e+04
2.912000000000000000e+03,1.436569812753400765e+05
2.913000000000000000e+03,9.126652295398904243e+04
2.914000000000000000e+03,8.311607828987741959e+04
2.915000000000000000e+03,9.376038461163142347e+04
2.916000000000000000e+03,9.196587056915269932e+04
2.917000000000000000e+03,1.659544930411895039e+05
2.918000000000000000e+03,1.173336644206383935e+05
2.919000000000000000e+03,2.344006381525500910e+05
